Designator,Mid X,Mid Y,Layer,Rotation
J1,58.630168,-61.5,T,90.0
J2,54.875,-51.275,T,90.0
J3,101.630168,-63.815,T,90.0
Q1,89.130168,-63.0,T,0.0
Q2,89.130168,-56.5,T,0.0
R1,85.130168,-63.0,T,270.0
R2,93.130168,-63.0,T,270.0
R3,85.130168,-56.5,T,270.0
R4,93.130168,-56.5,T,90.0
SW1,75.980168,-62.9075,T,90.0
